"window_number";"window_end_time";"packets_number";"total_packets_size"
1;1;124;3169
2;2;237;6149
3;3;252;6242
4;4;251;6306
5;5;237;5599
6;6;263;5669
7;7;271;5637
8;8;271;5643
9;9;263;5185
10;10;262;5125
11;11;247;4695
12;12;214;3922
13;13;200;3562
14;14;199;3567
15;15;199;3612
16;16;200;3604
17;17;200;3619
18;18;199;3604
19;19;200;3555
20;20;234;4942
21;21;261;6182
22;22;262;6504
23;23;256;6358
24;24;255;6034
25;25;229;4807
26;26;218;4311
27;27;215;4252
28;28;203;3720
29;29;200;3586
30;30;199;3578
31;31;201;3607
32;32;198;3535
33;33;199;3569
34;34;200;3590
35;35;201;3586
36;36;200;3594
37;37;199;3574
38;38;199;3575
39;39;227;4871
40;40;257;6174
41;41;252;6302
42;42;244;5891
43;43;251;5874
44;44;276;5994
45;45;275;5685
46;46;273;5690
47;47;259;5088
48;48;266;5170
49;49;257;4999
50;50;265;5123
51;51;246;4684
52;52;214;3924
53;53;198;3547
54;54;200;3605
55;55;199;3632
56;56;201;3637
57;57;199;3596
58;58;231;4913
59;59;261;6235
60;60;256;6303
61;61;261;6399
62;62;245;5874
63;63;235;4893
64;64;218;4301
65;65;219;4320
66;66;203;3712
67;67;201;3608
68;68;200;3610
69;69;199;3611
70;70;199;3563
71;71;200;3635
72;72;198;3542
73;73;199;3643
74;74;198;3582
75;75;201;3634
76;76;199;3558
77;77;229;4814
78;78;266;6326
79;79;270;6607
80;80;253;6271
81;81;261;6133
82;82;258;5499
83;83;259;5418
84;84;263;5452
85;85;270;5260
86;86;265;5175
87;87;259;5082
88;88;265;5156
89;89;261;5064
90;90;264;5099
91;91;248;4701
92;92;213;3878
93;93;200;3558
94;94;199;3603
95;95;200;3622
96;96;230;4871
97;97;258;6168
98;98;264;6461
99;99;264;6586
100;100;253;5983
101;101;235;4945
102;102;218;4306
103;103;220;4351
104;104;202;3687
105;105;200;3590
106;106;197;3529
107;107;200;3580
108;108;198;3591
109;109;198;3544
110;110;200;3608
111;111;199;3595
112;112;199;3582
113;113;198;3576
114;114;201;3589
115;115;233;4947
116;116;250;6086
117;117;259;6432
118;118;262;6378
119;119;253;5956
120;120;233;4856
121;121;245;4967
122;122;265;5466
123;123;267;5250
124;124;267;5231
125;125;265;5145
126;126;263;5094
127;127;263;5109
128;128;270;5260
129;129;265;5186
130;130;262;5113
131;131;250;4712
132;132;213;3850
133;133;199;3560
134;134;233;4970
135;135;264;6317
136;136;249;6180
137;137;253;6198
138;138;257;5985
139;139;230;4833
140;140;216;4279
141;141;218;4326
142;142;201;3688
143;143;201;3650
144;144;199;3583
145;145;197;3536
146;146;200;3608
147;147;200;3585
148;148;200;3580
149;149;199;3565
150;150;198;3572
151;151;198;3573
152;152;200;3604
153;153;229;4923
154;154;261;6183
155;155;264;6543
156;156;257;6335
157;157;253;5966
158;158;232;4920
159;159;218;4339
160;160;218;4319
161;161;231;4353
162;162;253;4868
163;163;275;5342
164;164;257;4985
165;165;264;5147
166;166;263;5095
167;167;272;5279
168;168;265;5179
169;169;273;5307
170;170;269;5242
171;171;246;4680
172;172;237;5086
173;173;260;6280
174;174;254;6358
175;175;255;6307
176;176;254;6006
177;177;232;4855
178;178;219;4330
179;179;219;4312
180;180;203;3719
181;181;199;3621
182;182;201;3605
183;183;199;3569
184;184;199;3544
185;185;199;3579
186;186;199;3598
187;187;200;3622
188;188;200;3601
189;189;199;3548
190;190;198;3564
191;191;233;4926
192;192;255;6094
193;193;262;6384
194;194;254;6175
195;195;253;5954
196;196;236;4956
197;197;217;4258
198;198;217;4352
199;199;204;3753
200;200;199;3598
201;201;230;4320
202;202;252;4828
203;203;265;5117
204;204;267;5171
205;205;267;5154
206;206;259;5019
207;207;261;5092
208;208;267;5236
209;209;261;5074
210;210;262;5592
211;211;264;6206
212;212;263;6353
213;213;263;6579
214;214;261;6116
215;215;231;4817
216;216;219;4382
217;217;216;4250
218;218;205;3741
219;219;198;3591
220;220;200;3639
221;221;199;3572
222;222;199;3561
223;223;199;3565
224;224;200;3583
225;225;199;3605
226;226;200;3573
227;227;198;3577
228;228;200;3598
229;229;235;4944
230;230;259;6274
231;231;264;6497
232;232;263;6394
233;233;257;6052
234;234;234;4902
235;235;218;4303
236;236;219;4314
237;237;205;3749
238;238;200;3617
239;239;200;3644
240;240;200;3589
241;241;228;4236
242;242;255;4928
243;243;260;5020
244;244;265;5134
245;245;265;5185
246;246;267;5166
247;247;261;5033
248;248;251;5461
249;249;238;5536
250;250;242;5959
251;251;266;6418
252;252;255;5958
253;253;231;4842
254;254;217;4297
255;255;220;4375
256;256;203;3696
257;257;199;3601
258;258;200;3582
259;259;200;3633
260;260;200;3627
261;261;199;3557
262;262;201;3615
263;263;200;3615
264;264;199;3599
265;265;200;3616
266;266;200;3584
267;267;233;4942
268;268;257;6225
269;269;265;6502
270;270;255;6201
271;271;256;5992
272;272;235;4936
273;273;219;4385
274;274;219;4349
275;275;202;3716
276;276;200;3624
277;277;199;3561
278;278;199;3602
279;279;199;3600
280;280;199;3558
281;281;227;4244
282;282;253;4865
283;283;258;4998
284;284;267;5182
285;285;264;5135
286;286;280;6009
287;287;255;5911
288;288;256;6250
289;289;250;6001
290;290;247;5877
291;291;261;5603
292;292;230;4652
293;293;219;4352
294;294;204;3717
295;295;200;3629
296;296;199;3561
297;297;200;3571
298;298;201;3620
299;299;200;3603
300;300;200;3607
301;301;200;3610
302;302;199;3561
303;303;200;3589
304;304;199;3595
305;305;231;4937
306;306;265;6357
307;307;248;6012
308;308;256;6311
309;309;254;5983
310;310;232;4860
311;311;219;4325
312;312;220;4380
313;313;203;3731
314;314;200;3606
315;315;200;3606
316;316;199;3612
317;317;198;3601
318;318;202;3635
319;319;198;3572
320;320;201;3616
321;321;226;4232
322;322;249;4764
323;323;266;5132
324;324;269;5762
325;325;253;5846
326;326;239;5897
327;327;235;5744
328;328;252;5876
329;329;268;5824
330;330;287;5961
331;331;259;5286
332;332;216;4018
333;333;201;3597
334;334;200;3589
335;335;197;3552
336;336;200;3605
337;337;199;3553
338;338;199;3613
339;339;199;3574
340;340;201;3648
341;341;200;3602
342;342;198;3572
343;343;230;4870
344;344;254;6054
345;345;253;6253
346;346;260;6449
347;347;251;5915
348;348;227;4758
349;349;219;4373
350;350;219;4342
351;351;202;3694
352;352;200;3580
353;353;201;3599
354;354;199;3584
355;355;198;3555
356;356;201;3619
357;357;198;3560
358;358;197;3512
359;359;200;3580
360;360;201;3638
361;361;223;4191
362;362;258;5530
363;363;257;6126
364;364;239;5757
365;365;258;6232
366;366;256;5896
367;367;270;5774
368;368;265;5493
369;369;267;5573
370;370;261;5141
371;371;246;4677
372;372;214;3911
373;373;200;3605
374;374;200;3624
375;375;198;3555
376;376;201;3609
377;377;198;3584
378;378;197;3562
379;379;199;3541
380;380;201;3620
381;381;233;4985
382;382;255;6028
383;383;266;6585
384;384;264;6473
385;385;258;6150
386;386;230;4812
387;387;220;4369
388;388;217;4328
389;389;203;3740
390;390;198;3585
391;391;199;3591
392;392;201;3623
393;393;199;3606
394;394;201;3644
395;395;198;3585
396;396;199;3566
397;397;198;3564
398;398;197;3574
399;399;201;3652
400;400;231;4883
401;401;261;6267
402;402;247;6046
403;403;251;6192
404;404;260;6091
405;405;268;5798
406;406;267;5525
407;407;273;5586
408;408;265;5200
409;409;258;4991
410;410;267;5198
411;411;246;4702
412;412;212;3878
413;413;201;3613
414;414;200;3586
415;415;197;3557
416;416;199;3576
417;417;197;3546
418;418;201;3649
419;419;233;4951
420;420;263;6206
421;421;252;6288
422;422;267;6517
423;423;250;5894
424;424;233;4922
425;425;219;4335
426;426;218;4287
427;427;203;3779
428;428;201;3620
429;429;200;3623
430;430;200;3644
431;431;197;3542
432;432;200;3632
433;433;201;3627
434;434;200;3606
435;435;200;3583
436;436;198;3565
437;437;201;3623
438;438;233;4976
439;439;262;6314
440;440;263;6536
441;441;258;6390
442;442;269;6315
443;443;262;5630
444;444;265;5471
445;445;274;5645
446;446;262;5150
447;447;267;5212
448;448;266;5178
449;449;265;5134
450;450;260;5100
451;451;247;4677
452;452;214;3908
453;453;199;3559
454;454;201;3643
455;455;199;3600
456;456;200;3590
457;457;230;4852
458;458;255;6117
459;459;248;6025
460;460;253;6280
461;461;246;5874
462;462;235;4937
463;463;221;4403
464;464;219;4365
465;465;203;3742
466;466;199;3594
467;467;197;3558
468;468;201;3607
469;469;199;3549
470;470;200;3614
471;471;198;3583
472;472;200;3618
473;473;201;3610
474;474;200;3631
475;475;200;3612
476;476;232;4970
477;477;251;6045
478;478;252;6121
479;479;265;6611
480;480;245;5743
481;481;254;5446
482;482;265;5430
483;483;274;5710
484;484;265;5215
485;485;259;4997
486;486;264;5104
487;487;272;5282
488;488;263;5112
489;489;264;5120
490;490;255;4996
491;491;245;4696
492;492;211;3843
493;493;200;3618
494;494;199;3570
495;495;235;5014
496;496;259;6164
497;497;256;6385
498;498;266;6495
499;499;264;6256
500;500;232;4886
501;501;219;4287
502;502;218;4292
503;503;202;3715
504;504;200;3591
505;505;201;3620
506;506;199;3597
507;507;200;3601
508;508;200;3647
509;509;199;3571
510;510;198;3577
511;511;200;3615
512;512;200;3593
513;513;200;3601
514;514;233;4951
515;515;258;6234
516;516;262;6363
517;517;262;6485
518;518;267;6287
519;519;235;4950
520;520;217;4292
521;521;248;5001
522;522;250;4882
523;523;269;5269
524;524;257;5011
525;525;262;5138
526;526;260;5047
527;527;270;5276
528;528;264;5144
529;529;262;5129
530;530;268;5184
531;531;245;4686
532;532;214;3937
533;533;234;4968
534;534;258;6200
535;535;256;6394
536;536;257;6395
537;537;240;5682
538;538;232;4843
539;539;219;4355
540;540;217;4257
541;541;204;3784
542;542;198;3577
543;543;201;3622
544;544;200;3577
545;545;197;3567
546;546;200;3606
547;547;199;3622
548;548;201;3610
549;549;199;3592
550;550;201;3635
551;551;197;3549
552;552;235;5045
553;553;252;6035
554;554;255;6323
555;555;253;6136
556;556;256;5978
557;557;234;4898
558;558;221;4408
559;559;218;4300
560;560;203;3716
561;561;228;4240
562;562;253;4868
563;563;262;5055
564;564;263;5103
565;565;264;5088
566;566;264;5147
567;567;264;5116
568;568;263;5095
569;569;266;5141
570;570;262;5131
571;571;259;5546
572;572;261;6258
573;573;258;6292
574;574;264;6371
575;575;260;6116
576;576;233;4954
577;577;219;4341
578;578;220;4370
579;579;201;3666
580;580;198;3558
581;581;200;3602
582;582;199;3549
583;583;199;3560
584;584;199;3588
585;585;202;3668
586;586;198;3573
587;587;200;3573
588;588;199;3585
589;589;200;3631
590;590;234;4878
591;591;256;6155
592;592;252;6300
593;593;253;6231
594;594;256;5938
595;595;235;4960
596;596;220;4391
597;597;217;4351
598;598;203;3700
599;599;201;3638
600;600;200;3575
601;601;222;4143
602;602;251;4823
603;603;271;5244
604;604;257;5003
605;605;265;5121
606;606;269;5232
607;607;263;5120
608;608;268;5209
609;609;264;5725
610;610;251;5929
611;611;254;6393
612;612;250;6104
613;613;254;5853
614;614;234;4906
615;615;219;4358
616;616;215;4266
617;617;204;3722
618;618;199;3605
619;619;201;3605
620;620;198;3538
621;621;200;3608
622;622;198;3527
623;623;201;3637
624;624;200;3593
625;625;200;3593
626;626;200;3607
627;627;197;3523
628;628;233;4949
629;629;256;6076
630;630;246;6059
631;631;263;6551
632;632;261;6056
633;633;232;4868
634;634;212;4200
635;635;219;4343
636;636;205;3740
637;637;200;3617
638;638;198;3540
639;639;201;3631
640;640;200;3611
641;641;225;4196
642;642;247;4763
643;643;268;5160
644;644;262;5037
645;645;260;5049
646;646;268;5195
647;647;276;5973
648;648;255;5968
649;649;245;5902
650;650;247;5913
651;651;246;5834
652;652;249;5221
653;653;220;4344
654;654;217;4292
655;655;204;3725
656;656;200;3614
657;657;199;3615
658;658;199;3576
659;659;199;3604
660;660;199;3584
661;661;200;3552
662;662;201;3652
663;663;200;3587
664;664;200;3630
665;665;200;3587
666;666;234;5017
667;667;263;6338
668;668;261;6443
669;669;268;6520
670;670;248;5932
671;671;231;4806
672;672;219;4391
673;673;219;4351
674;674;203;3704
675;675;201;3602
676;676;200;3585
677;677;200;3582
678;678;199;3538
679;679;200;3630
680;680;200;3590
681;681;224;4169
682;682;249;4800
683;683;262;5083
684;684;270;5222
685;685;270;5778
686;686;261;6067
687;687;245;5709
688;688;245;5944
689;689;255;6022
690;690;278;5943
691;691;257;5254
692;692;233;4679
693;693;200;3622
694;694;200;3588
695;695;198;3552
696;696;199;3600
697;697;200;3621
698;698;200;3582
699;699;199;3610
700;700;199;3595
701;701;199;3587
702;702;200;3615
703;703;200;3590
704;704;227;4829
705;705;262;6229
706;706;250;6081
707;707;258;6284
708;708;259;6243
709;709;234;4868
710;710;221;4345
711;711;218;4349
712;712;203;3702
713;713;201;3617
714;714;200;3625
715;715;198;3590
716;716;198;3576
717;717;201;3635
718;718;200;3602
719;719;200;3635
720;720;198;3575
721;721;228;4289
722;722;255;4893
723;723;276;5903
724;724;247;5796
725;725;236;5648
726;726;239;5952
727;727;247;5732
728;728;281;6032
729;729;273;5611
730;730;270;5599
731;731;245;4737
732;732;212;3860
733;733;199;3560
734;734;201;3636
735;735;199;3584
736;736;200;3571
737;737;200;3629
738;738;199;3600
739;739;198;3587
740;740;201;3604
741;741;198;3535
742;742;227;4797
743;743;263;6254
744;744;267;6491
745;745;261;6413
746;746;258;6088
747;747;232;4855
748;748;217;4231
749;749;216;4303
750;750;204;3737
751;751;200;3607
752;752;200;3570
753;753;199;3566
754;754;197;3559
755;755;200;3641
756;756;199;3592
757;757;200;3584
758;758;200;3604
759;759;200;3598
760;760;199;3623
761;761;243;5189
762;762;269;6378
763;763;240;5735
764;764;262;6418
765;765;250;5929
766;766;264;5710
767;767;276;5759
768;768;260;5403
769;769;254;5013
770;770;262;5104
771;771;250;4736
772;772;213;3869
773;773;200;3591
774;774;200;3608
775;775;200;3618
776;776;200;3589
777;777;200;3587
778;778;200;3608
779;779;199;3577
780;780;236;5052
781;781;257;6101
782;782;258;6403
783;783;262;6446
784;784;263;6136
785;785;233;4857
786;786;219;4326
787;787;219;4319
788;788;203;3702
789;789;200;3578
790;790;201;3610
791;791;199;3544
792;792;198;3517
793;793;202;3657
794;794;199;3566
795;795;199;3583
796;796;201;3593
797;797;200;3574
798;798;200;3585
799;799;231;4948
800;800;258;6217
801;801;256;6343
802;802;256;6210
803;803;252;5934
804;804;255;5559
805;805;269;5570
806;806;275;5693
807;807;269;5329
808;808;269;5211
809;809;269;5242
810;810;261;5051
811;811;248;4730
812;812;213;3888
813;813;199;3570
814;814;198;3582
815;815;198;3555
816;816;199;3563
817;817;201;3591
818;818;227;4830
819;819;266;6339
820;820;263;6452
821;821;255;6439
822;822;251;5865
823;823;234;4913
824;824;215;4257
825;825;218;4298
826;826;201;3674
827;827;201;3604
828;828;199;3555
829;829;199;3577
830;830;201;3614
831;831;200;3587
832;832;200;3620
833;833;200;3586
834;834;199;3577
835;835;200;3570
836;836;201;3618
837;837;233;4915
838;838;257;6144
839;839;266;6530
840;840;251;6070
841;841;256;6029
842;842;267;5750
843;843;272;5611
844;844;274;5639
845;845;261;5106
846;846;262;5099
847;847;260;5071
848;848;266;5159
849;849;269;5202
850;850;260;5037
851;851;241;4601
852;852;215;3980
853;853;200;3612
854;854;200;3609
855;855;198;3564
856;856;231;4880
857;857;255;6051
858;858;257;6425
859;859;251;6145
860;860;253;5935
861;861;234;4872
862;862;216;4306
863;863;217;4284
864;864;204;3737
865;865;198;3593
866;866;199;3577
867;867;202;3684
868;868;200;3607
869;869;200;3625
870;870;199;3586
871;871;200;3613
872;872;195;3487
873;873;201;3617
874;874;201;3635
875;875;229;4879
876;876;258;6188
877;877;248;6114
878;878;258;6368
879;879;253;5960
880;880;233;4894
881;881;246;4975
882;882;261;5398
883;883;266;5203
884;884;263;5096
885;885;268;5162
886;886;260;5089
887;887;257;5032
888;888;268;5224
889;889;252;4890
890;890;266;5182
891;891;247;4753
892;892;212;3868
893;893;199;3585
894;894;231;4838
895;895;256;6175
896;896;261;6478
897;897;255;6372
898;898;254;5971
899;899;231;4882
900;900;220;4376
901;901;218;4324
902;902;204;3716
903;903;200;3633
904;904;200;3572
905;905;199;3578
906;906;199;3577
907;907;201;3658
908;908;200;3624
909;909;199;3587
910;910;199;3615
911;911;199;3598
912;912;198;3553
913;913;227;4755
914;914;259;6123
915;915;254;6260
916;916;272;6578
917;917;241;5682
918;918;234;4930
919;919;216;4289
920;920;218;4316
921;921;228;4259
922;922;251;4818
923;923;269;5203
924;924;266;5172
925;925;258;5018
926;926;261;5065
927;927;266;5179
928;928;265;5118
929;929;260;5071
930;930;255;4972
931;931;249;4758
932;932;245;5209
933;933;245;5826
934;934;253;6274
935;935;257;6352
936;936;253;5870
937;937;234;4898
938;938;216;4247
939;939;220;4367
940;940;204;3703
941;941;200;3602
942;942;200;3611
943;943;198;3556
944;944;202;3619
945;945;199;3564
946;946;201;3628
947;947;200;3609
948;948;200;3586
949;949;199;3606
950;950;200;3641
951;951;231;4940
952;952;260;6267
953;953;265;6458
954;954;268;6630
955;955;254;5994
956;956;228;4805
957;957;215;4279
958;958;221;4374
959;959;203;3733
960;960;200;3582
961;961;227;4228
962;962;256;4934
963;963;255;4985
964;964;270;5238
965;965;261;5102
966;966;261;5053
967;967;264;5143
968;968;258;5006
969;969;272;5280
970;970;262;5723
971;971;257;6119
972;972;250;6011
973;973;264;6473
974;974;254;6022
975;975;227;4743
976;976;220;4381
977;977;217;4342
978;978;205;3753
979;979;200;3602
980;980;198;3578
981;981;199;3587
982;982;200;3593
983;983;199;3594
984;984;200;3589
985;985;200;3587
986;986;200;3590
987;987;200;3592
988;988;200;3641
989;989;230;4874
990;990;253;6118
991;991;260;6361
992;992;265;6446
993;993;259;6140
994;994;233;4905
995;995;219;4341
996;996;217;4306
997;997;202;3695
998;998;199;3567
999;999;200;3556
1000;1000;199;3609
1001;1001;229;4254
1002;1002;258;5033
1003;1003;261;5081
1004;1004;267;5228
1005;1005;268;5227
1006;1006;263;5074
1007;1007;268;5224
1008;1008;259;5580
1009;1009;252;5920
1010;1010;250;6149
1011;1011;256;6268
1012;1012;267;6274
1013;1013;230;4818
1014;1014;220;4356
1015;1015;219;4366
1016;1016;203;3740
1017;1017;198;3558
1018;1018;200;3619
1019;1019;199;3606
1020;1020;200;3612
1021;1021;198;3539
1022;1022;200;3604
1023;1023;199;3598
1024;1024;201;3641
1025;1025;196;3530
1026;1026;201;3602
1027;1027;231;4868
1028;1028;255;6071
1029;1029;258;6517
1030;1030;251;6281
1031;1031;253;5857
1032;1032;231;4839
1033;1033;218;4304
1034;1034;216;4325
1035;1035;202;3746
1036;1036;202;3607
1037;1037;200;3595
1038;1038;199;3587
1039;1039;200;3597
1040;1040;199;3574
1041;1041;227;4245
1042;1042;262;5049
1043;1043;263;5114
1044;1044;270;5251
1045;1045;265;5134
1046;1046;252;5354
1047;1047;255;5932
1048;1048;245;6051
1049;1049;254;6182
1050;1050;245;5778
1051;1051;258;5488
1052;1052;235;4701
1053;1053;218;4314
1054;1054;199;3678
1055;1055;197;3506
1056;1056;199;3589
1057;1057;201;3633
1058;1058;199;3571
1059;1059;200;3592
1060;1060;199;3623
1061;1061;201;3643
1062;1062;200;3618
1063;1063;199;3570
1064;1064;201;3566
1065;1065;233;4958
1066;1066;260;6146
1067;1067;245;6041
1068;1068;253;6161
1069;1069;258;6099
1070;1070;233;4886
1071;1071;218;4355
1072;1072;214;4209
1073;1073;203;3703
1074;1074;197;3551
1075;1075;200;3656
1076;1076;199;3583
1077;1077;199;3579
1078;1078;200;3583
1079;1079;199;3580
1080;1080;200;3574
1081;1081;224;4152
1082;1082;261;5007
1083;1083;266;5179
1084;1084;258;5481
1085;1085;246;5907
1086;1086;245;5962
1087;1087;252;6128
1088;1088;250;5844
1089;1089;273;5872
1090;1090;268;5588
1091;1091;263;5380
1092;1092;209;3905
1093;1093;201;3641
1094;1094;199;3600
1095;1095;200;3590
1096;1096;199;3600
1097;1097;200;3569
1098;1098;200;3629
1099;1099;200;3597
1100;1100;200;3592
1101;1101;200;3614
1102;1102;199;3578
1103;1103;226;4758
1104;1104;265;6310
1105;1105;263;6403
1106;1106;250;6094
1107;1107;254;6035
1108;1108;236;4974
1109;1109;215;4234
1110;1110;214;4254
1111;1111;204;3717
1112;1112;199;3570
1113;1113;200;3585
1114;1114;200;3623
1115;1115;201;3589
1116;1116;197;3541
1117;1117;202;3612
1118;1118;199;3563
1119;1119;200;3600
1120;1120;200;3578
1121;1121;229;4287
1122;1122;260;5512
1123;1123;258;6134
1124;1124;252;5960
1125;1125;247;5820
1126;1126;270;6198
1127;1127;260;5610
1128;1128;275;5721
1129;1129;273;5675
1130;1130;268;5181
1131;1131;248;4753
1132;1132;213;3906
1133;1133;200;3612
1134;1134;199;3591
1135;1135;198;3532
1136;1136;200;3637
1137;1137;200;3592
1138;1138;200;3615
1139;1139;199;3573
1140;1140;201;3627
1141;1141;231;4903
1142;1142;253;6128
1143;1143;257;6214
1144;1144;251;6160
1145;1145;253;5867
1146;1146;233;4891
1147;1147;219;4338
1148;1148;219;4312
1149;1149;203;3696
1150;1150;200;3604
1151;1151;200;3582
1152;1152;198;3551
1153;1153;199;3612
1154;1154;199;3564
1155;1155;200;3578
1156;1156;199;3576
1157;1157;200;3606
1158;1158;198;3546
1159;1159;197;3524
1160;1160;227;4786
1161;1161;257;6242
1162;1162;242;5860
1163;1163;261;6193
1164;1164;238;5588
1165;1165;269;5819
1166;1166;283;5826
1167;1167;274;5729
1168;1168;262;5106
1169;1169;267;5182
1170;1170;265;5162
1171;1171;247;4684
1172;1172;214;3911
1173;1173;200;3569
1174;1174;198;3535
1175;1175;199;3611
1176;1176;200;3548
1177;1177;196;3524
1178;1178;201;3608
1179;1179;236;5032
1180;1180;262;6318
1181;1181;265;6488
1182;1182;253;6276
1183;1183;257;6053
1184;1184;232;4855
1185;1185;217;4305
1186;1186;216;4310
1187;1187;204;3700
1188;1188;201;3612
1189;1189;198;3572
1190;1190;199;3550
1191;1191;200;3606
1192;1192;200;3623
1193;1193;199;3578
1194;1194;201;3621
1195;1195;199;3583
1196;1196;199;3565
1197;1197;200;3602
1198;1198;229;4809
1199;1199;254;6102
1200;1200;250;6237
1201;1201;250;6036
1202;1202;260;6190
1203;1203;277;5935
1204;1204;285;5839
1205;1205;272;5654
1206;1206;260;5106
1207;1207;265;5179
1208;1208;266;5164
1209;1209;264;5096
1210;1210;257;4990
1211;1211;248;4736
1212;1212;211;3830
1213;1213;199;3564
1214;1214;200;3595
1215;1215;201;3603
1216;1216;199;3584
1217;1217;232;4928
1218;1218;249;5912
1219;1219;261;6307
1220;1220;256;6266
1221;1221;257;6153
1222;1222;235;4928
1223;1223;219;4374
1224;1224;219;4342
1225;1225;202;3689
1226;1226;200;3644
1227;1227;198;3572
1228;1228;199;3606
1229;1229;201;3639
1230;1230;198;3551
1231;1231;200;3605
1232;1232;198;3590
1233;1233;200;3613
1234;1234;200;3611
1235;1235;200;3589
1236;1236;229;4822
1237;1237;262;6257
1238;1238;242;5960
1239;1239;252;6194
1240;1240;253;5984
1241;1241;256;5429
1242;1242;265;5467
1243;1243;264;5439
1244;1244;268;5251
1245;1245;268;5207
1246;1246;272;5295
1247;1247;268;5163
1248;1248;263;5144
1249;1249;264;5128
1250;1250;267;5225
1251;1251;252;4782
1252;1252;214;3890
1253;1253;200;3582
1254;1254;200;3585
1255;1255;233;4951
1256;1256;266;6315
1257;1257;256;6367
1258;1258;265;6526
1259;1259;247;5838
1260;1260;235;4942
1261;1261;214;4188
1262;1262;221;4343
1263;1263;204;3746
1264;1264;199;3550
1265;1265;201;3595
1266;1266;199;3572
1267;1267;199;3577
1268;1268;200;3572
1269;1269;199;3588
1270;1270;201;3632
1271;1271;199;3601
1272;1272;199;3586
1273;1273;201;3584
1274;1274;232;4880
1275;1275;258;6156
1276;1276;256;6276
1277;1277;257;6405
1278;1278;255;5991
1279;1279;234;4956
1280;1280;218;4282
1281;1281;242;4903
1282;1282;261;5109
1283;1283;269;5252
1284;1284;267;5214
1285;1285;265;5145
1286;1286;256;4972
1287;1287;264;5163
1288;1288;266;5143
1289;1289;258;5016
1290;1290;264;5126
1291;1291;250;4729
1292;1292;214;3945
1293;1293;231;4879
1294;1294;249;5858
1295;1295;255;6277
1296;1296;254;6206
1297;1297;257;6052
1298;1298;234;4928
1299;1299;218;4316
1300;1300;218;4302
1301;1301;203;3723
1302;1302;199;3570
1303;1303;198;3586
1304;1304;199;3595
1305;1305;199;3587
1306;1306;200;3574
1307;1307;199;3582
1308;1308;199;3587
1309;1309;200;3575
1310;1310;200;3590
1311;1311;200;3603
1312;1312;232;4898
1313;1313;252;6067
1314;1314;258;6515
1315;1315;255;6201
1316;1316;253;6045
1317;1317;232;4788
1318;1318;218;4345
1319;1319;218;4315
1320;1320;200;3659
1321;1321;224;4154
1322;1322;254;4913
1323;1323;259;5010
1324;1324;257;4994
1325;1325;267;5162
1326;1326;266;5159
1327;1327;257;4981
1328;1328;268;5238
1329;1329;264;5112
1330;1330;265;5171
1331;1331;245;5247
1332;1332;253;6138
1333;1333;256;6302
1334;1334;266;6599
1335;1335;261;6163
1336;1336;235;4934
1337;1337;216;4255
1338;1338;217;4299
1339;1339;202;3705
1340;1340;202;3685
1341;1341;200;3591
1342;1342;199;3571
1343;1343;199;3539
1344;1344;201;3619
1345;1345;200;3603
1346;1346;198;3579
1347;1347;199;3582
1348;1348;200;3591
1349;1349;200;3603
1350;1350;228;4819
1351;1351;255;6208
1352;1352;255;6228
1353;1353;256;6365
1354;1354;252;5981
1355;1355;235;4919
1356;1356;214;4226
1357;1357;219;4317
1358;1358;202;3697
1359;1359;199;3589
1360;1360;200;3588
1361;1361;224;4190
1362;1362;254;4874
1363;1363;261;5100
1364;1364;264;5128
1365;1365;263;5062
1366;1366;268;5275
1367;1367;271;5254
1368;1368;265;5178
1369;1369;274;5909
1370;1370;266;6463
1371;1371;254;6220
1372;1372;262;6474
1373;1373;258;6094
1374;1374;234;4900
1375;1375;219;4346
1376;1376;217;4278
1377;1377;202;3714
1378;1378;200;3590
1379;1379;201;3601
1380;1380;199;3553
1381;1381;199;3576
1382;1382;200;3602
1383;1383;197;3529
1384;1384;199;3563
1385;1385;201;3612
1386;1386;199;3575
1387;1387;197;3534
1388;1388;236;5026
1389;1389;256;6159
1390;1390;261;6451
1391;1391;261;6418
1392;1392;253;5963
1393;1393;233;4947
1394;1394;219;4350
1395;1395;221;4398
1396;1396;202;3691
1397;1397;199;3573
1398;1398;201;3585
1399;1399;200;3611
1400;1400;199;3541
1401;1401;223;4164
1402;1402;253;4868
1403;1403;258;4991
1404;1404;268;5238
1405;1405;258;4988
1406;1406;263;5152
1407;1407;275;5936
1408;1408;255;6170
1409;1409;241;5818
1410;1410;247;6147
1411;1411;251;5859
1412;1412;244;5168
1413;1413;221;4333
1414;1414;219;4340
1415;1415;203;3692
1416;1416;200;3592
1417;1417;200;3597
1418;1418;199;3613
1419;1419;200;3628
1420;1420;199;3574
1421;1421;198;3535
1422;1422;201;3599
1423;1423;200;3608
1424;1424;200;3638
1425;1425;200;3621
1426;1426;226;4777
1427;1427;263;6292
1428;1428;242;6079
1429;1429;269;6555
1430;1430;252;5935
1431;1431;235;4944
1432;1432;218;4307
1433;1433;217;4330
1434;1434;203;3705
1435;1435;200;3582
1436;1436;200;3570
1437;1437;199;3575
1438;1438;198;3573
1439;1439;202;3613
1440;1440;200;3588
1441;1441;225;4198
1442;1442;249;4748
1443;1443;262;5078
1444;1444;262;5101
1445;1445;261;5630
1446;1446;247;5836
1447;1447;252;6070
1448;1448;262;6418
1449;1449;256;5939
1450;1450;276;5938
1451;1451;264;5382
1452;1452;229;4568
1453;1453;202;3721
1454;1454;197;3558
1455;1455;198;3539
1456;1456;202;3667
1457;1457;198;3551
1458;1458;201;3636
1459;1459;199;3549
1460;1460;200;3613
1461;1461;198;3552
1462;1462;198;3568
1463;1463;199;3561
1464;1464;229;4858
1465;1465;258;6197
1466;1466;261;6483
1467;1467;262;6485
1468;1468;253;6001
1469;1469;236;5011
1470;1470;215;4281
1471;1471;220;4385
1472;1472;201;3657
1473;1473;199;3597
1474;1474;197;3554
1475;1475;201;3614
1476;1476;198;3553
1477;1477;200;3634
1478;1478;199;3602
1479;1479;199;3580
1480;1480;199;3567
1481;1481;228;4253
1482;1482;255;4919
1483;1483;271;5932
1484;1484;253;6065
1485;1485;246;5979
1486;1486;251;6083
1487;1487;251;5751
1488;1488;267;5734
1489;1489;262;5401
1490;1490;266;5525
1491;1491;249;4793
1492;1492;213;3908
1493;1493;199;3611
1494;1494;201;3618
1495;1495;199;3583
1496;1496;198;3557
1497;1497;200;3600
1498;1498;199;3583
1499;1499;200;3585
1500;1500;200;3604
1501;1501;200;3587
1502;1502;229;4868
1503;1503;246;5904
1504;1504;256;6182
1505;1505;255;6377
1506;1506;254;5989
1507;1507;235;4949
1508;1508;218;4323
1509;1509;218;4310
1510;1510;201;3694
1511;1511;200;3639
1512;1512;200;3593
1513;1513;200;3616
1514;1514;200;3570
1515;1515;199;3600
1516;1516;201;3609
1517;1517;200;3590
1518;1518;200;3632
1519;1519;200;3582
1520;1520;200;3584
1521;1521;242;5123
1522;1522;252;5879
1523;1523;255;6144
1524;1524;235;5650
1525;1525;250;5827
1526;1526;251;5361
1527;1527;277;5687
1528;1528;279;5814
1529;1529;273;5324
1530;1530;267;5173
1531;1531;250;4745
1532;1532;214;3900
1533;1533;199;3602
1534;1534;201;3621
1535;1535;200;3607
1536;1536;198;3591
1537;1537;200;3614
1538;1538;199;3638
1539;1539;201;3598
1540;1540;238;5083
1541;1541;265;6379
1542;1542;267;6540
1543;1543;242;6045
1544;1544;254;5961
1545;1545;232;4889
1546;1546;217;4278
1547;1547;218;4356
1548;1548;203;3693
1549;1549;199;3581
1550;1550;200;3631
1551;1551;200;3593
1552;1552;200;3581
1553;1553;200;3610
1554;1554;198;3547
1555;1555;200;3618
1556;1556;198;3587
1557;1557;201;3625
1558;1558;199;3588
1559;1559;232;4874
1560;1560;252;6050
1561;1561;245;6096
1562;1562;249;5987
1563;1563;251;6027
1564;1564;278;5979
1565;1565;269;5550
1566;1566;272;5617
1567;1567;267;5203
1568;1568;269;5230
1569;1569;267;5156
1570;1570;270;5228
1571;1571;246;4684
1572;1572;213;3903
1573;1573;200;3621
1574;1574;200;3591
1575;1575;200;3589
1576;1576;200;3628
1577;1577;200;3585
1578;1578;227;4818
1579;1579;258;6093
1580;1580;256;6306
1581;1581;260;6345
1582;1582;260;6168
1583;1583;234;4923
1584;1584;221;4400
1585;1585;220;4378
1586;1586;202;3725
1587;1587;200;3615
1588;1588;198;3556
1589;1589;199;3579
1590;1590;199;3553
1591;1591;201;3640
1592;1592;200;3571
1593;1593;200;3598
1594;1594;199;3586
1595;1595;200;3616
1596;1596;201;3652
1597;1597;227;4799
1598;1598;243;5963
1599;1599;258;6310
1600;1600;265;6501
1601;1601;260;6163
1602;1602;265;5732
1603;1603;267;5500
1604;1604;266;5497
1605;1605;266;5200
1606;1606;272;5252
1607;1607;267;5176
1608;1608;269;5253
1609;1609;261;5089
1610;1610;263;5124
1611;1611;247;4705
1612;1612;214;3935
1613;1613;198;3572
1614;1614;199;3547
1615;1615;200;3610
1616;1616;232;5039
1617;1617;261;6343
1618;1618;267;6613
1619;1619;251;6340
1620;1620;250;5901
1621;1621;234;4925
1622;1622;219;4336
1623;1623;220;4363
1624;1624;202;3703
1625;1625;200;3608
1626;1626;199;3590
1627;1627;200;3585
1628;1628;200;3618
1629;1629;199;3588
1630;1630;200;3616
1631;1631;198;3504
1632;1632;200;3581
1633;1633;200;3570
1634;1634;198;3575
1635;1635;235;4969
1636;1636;254;6055
1637;1637;264;6472
1638;1638;260;6358
1639;1639;256;6081
1640;1640;232;4912
1641;1641;244;4911
1642;1642;266;5459
1643;1643;264;5205
1644;1644;258;5039
1645;1645;266;5183
1646;1646;271;5238
1647;1647;263;5098
1648;1648;267;5178
1649;1649;264;5151
1650;1650;265;5168
1651;1651;247;4678
1652;1652;214;3920
1653;1653;200;3589
1654;1654;230;4938
1655;1655;266;6364
1656;1656;258;6306
1657;1657;262;6504
1658;1658;252;5915
1659;1659;235;4938
1660;1660;216;4280
1661;1661;218;4327
1662;1662;203;3719
1663;1663;197;3545
1664;1664;201;3628
1665;1665;200;3594
1666;1666;199;3596
1667;1667;200;3610
1668;1668;199;3611
1669;1669;201;3572
1670;1670;198;3558
1671;1671;199;3571
1672;1672;200;3645
1673;1673;231;4895
1674;1674;257;6080
1675;1675;256;6364
1676;1676;252;6321
1677;1677;248;5766
1678;1678;230;4842
1679;1679;216;4292
1680;1680;218;4291
1681;1681;227;4270
1682;1682;251;4848
1683;1683;265;5112
1684;1684;261;5047
1685;1685;265;5185
1686;1686;263;5101
1687;1687;261;5080
1688;1688;265;5135
1689;1689;270;5251
1690;1690;265;5145
1691;1691;249;4751
1692;1692;243;5222
1693;1693;249;5941
1694;1694;258;6343
1695;1695;252;6191
1696;1696;255;5921
1697;1697;233;4903
1698;1698;221;4401
1699;1699;219;4338
1700;1700;202;3729
1701;1701;201;3583
1702;1702;200;3573
1703;1703;200;3582
1704;1704;199;3577
1705;1705;201;3626
1706;1706;198;3560
1707;1707;199;3594
1708;1708;200;3606
1709;1709;199;3556
1710;1710;199;3615
1711;1711;231;4894
1712;1712;251;5989
1713;1713;245;6117
1714;1714;252;6460
1715;1715;261;6177
1716;1716;229;4830
1717;1717;221;4396
1718;1718;219;4335
1719;1719;201;3697
1720;1720;201;3634
1721;1721;230;4278
1722;1722;244;4714
1723;1723;268;5200
1724;1724;264;5153
1725;1725;265;5141
1726;1726;263;5084
1727;1727;255;4966
1728;1728;266;5153
1729;1729;270;5273
1730;1730;279;5986
1731;1731;271;6315
1732;1732;256;6330
1733;1733;260;6293
1734;1734;247;5726
1735;1735;229;4785
1736;1736;219;4327
1737;1737;219;4325
1738;1738;202;3684
1739;1739;199;3587
1740;1740;201;3606
1741;1741;199;3600
1742;1742;200;3596
1743;1743;200;3578
1744;1744;199;3592
1745;1745;201;3606
1746;1746;200;3612
1747;1747;198;3593
1748;1748;201;3592
1749;1749;232;4938
1750;1750;260;6217
1751;1751;249;6076
1752;1752;255;6428
1753;1753;260;6136
1754;1754;230;4821
1755;1755;220;4375
1756;1756;219;4312
1757;1757;203;3693
1758;1758;200;3600
1759;1759;201;3600
1760;1760;197;3549
1761;1761;229;4232
1762;1762;251;4850
1763;1763;270;5253
1764;1764;263;5142
1765;1765;264;5112
1766;1766;260;5066
1767;1767;260;5036
1768;1768;258;5544
1769;1769;244;5931
1770;1770;265;6506
1771;1771;260;6419
1772;1772;258;6005
1773;1773;231;4834
1774;1774;219;4339
1775;1775;219;4319
1776;1776;203;3722
1777;1777;197;3541
1778;1778;200;3580
1779;1779;200;3614
1780;1780;198;3595
1781;1781;200;3618
1782;1782;200;3562
1783;1783;199;3586
1784;1784;198;3559
1785;1785;195;3557
1786;1786;201;3625
1787;1787;236;5042
1788;1788;247;5897
1789;1789;261;6349
1790;1790;253;6249
1791;1791;257;6090
1792;1792;234;4924
1793;1793;218;4365
1794;1794;210;4139
1795;1795;202;3723
1796;1796;198;3589
1797;1797;200;3589
1798;1798;201;3620
1799;1799;200;3616
1800;1800;199;3576
1801;1801;228;4262
1802;1802;251;4842
1803;1803;257;4959
1804;1804;266;5129
1805;1805;261;5042
1806;1806;270;5768
1807;1807;259;6240
1808;1808;249;6125
1809;1809;244;5877
1810;1810;255;5983
1811;1811;265;5709
1812;1812;230;4582
1813;1813;219;4343
1814;1814;203;3749
1815;1815;201;3597
1816;1816;200;3619
1817;1817;199;3583
1818;1818;200;3629
1819;1819;200;3607
1820;1820;199;3552
1821;1821;198;3582
1822;1822;199;3566
1823;1823;199;3587
1824;1824;197;3545
1825;1825;234;4971
1826;1826;257;6034
1827;1827;263;6426
1828;1828;259;6424
1829;1829;254;5918
1830;1830;237;4967
1831;1831;218;4313
1832;1832;219;4348
1833;1833;204;3759
1834;1834;199;3555
1835;1835;198;3560
1836;1836;200;3645
1837;1837;201;3579
1838;1838;200;3572
1839;1839;199;3619
1840;1840;198;3550
1841;1841;226;4206
1842;1842;258;4979
1843;1843;267;5211
1844;1844;262;5657
1845;1845;258;6117
1846;1846;245;6029
1847;1847;247;6040
1848;1848;255;5877
1849;1849;267;5667
1850;1850;270;5625
1851;1851;262;5365
1852;1852;215;4013
1853;1853;200;3606
1854;1854;200;3581
1855;1855;199;3584
1856;1856;200;3630
1857;1857;199;3568
1858;1858;200;3606
1859;1859;200;3586
1860;1860;198;3568
1861;1861;200;3649
1862;1862;200;3573
1863;1863;224;4644
1864;1864;261;6224
1865;1865;259;6420
1866;1866;258;6344
1867;1867;252;5953
1868;1868;235;4937
1869;1869;218;4315
1870;1870;216;4274
1871;1871;203;3734
1872;1872;199;3593
1873;1873;201;3645
1874;1874;199;3587
1875;1875;200;3598
1876;1876;199;3621
1877;1877;200;3605
1878;1878;199;3604
1879;1879;200;3614
1880;1880;199;3599
1881;1881;227;4174
1882;1882;263;5602
1883;1883;255;6154
1884;1884;247;6037
1885;1885;247;5958
1886;1886;248;5883
1887;1887;273;5900
1888;1888;273;5667
1889;1889;258;5372
1890;1890;270;5300
1891;1891;245;4661
1892;1892;213;3933
1893;1893;199;3587
1894;1894;201;3612
1895;1895;199;3580
1896;1896;201;3578
1897;1897;198;3551
1898;1898;201;3604
1899;1899;199;3601
1900;1900;200;3586
1901;1901;228;4898
1902;1902;266;6321
1903;1903;257;6311
1904;1904;248;6092
1905;1905;249;5955
1906;1906;235;4967
1907;1907;219;4372
1908;1908;216;4302
1909;1909;204;3740
1910;1910;200;3595
1911;1911;199;3624
1912;1912;200;3572
1913;1913;196;3510
1914;1914;201;3575
1915;1915;200;3622
1916;1916;200;3625
1917;1917;200;3622
1918;1918;199;3599
1919;1919;201;3616
1920;1920;224;4751
1921;1921;265;6355
1922;1922;264;6226
1923;1923;243;5684
1924;1924;247;5806
1925;1925;264;5696
1926;1926;265;5486
1927;1927;270;5570
1928;1928;269;5313
1929;1929;260;5050
1930;1930;266;5150
1931;1931;245;4636
1932;1932;213;3899
1933;1933;200;3590
1934;1934;201;3615
1935;1935;197;3548
1936;1936;201;3627
1937;1937;198;3564
1938;1938;200;3621
1939;1939;229;4892
1940;1940;255;6183
1941;1941;256;6196
1942;1942;241;6039
1943;1943;258;6098
1944;1944;231;4845
1945;1945;217;4279
1946;1946;217;4293
1947;1947;203;3695
1948;1948;199;3614
1949;1949;200;3621
1950;1950;199;3610
1951;1951;201;3605
1952;1952;200;3573
1953;1953;200;3583
1954;1954;200;3580
1955;1955;198;3565
1956;1956;201;3607
1957;1957;200;3623
1958;1958;226;4696
1959;1959;258;6214
1960;1960;257;6358
1961;1961;261;6398
1962;1962;273;6394
1963;1963;263;5717
1964;1964;272;5630
1965;1965;268;5491
1966;1966;269;5304
1967;1967;269;5238
1968;1968;264;5135
1969;1969;270;5258
1970;1970;256;4992
1971;1971;243;4571
1972;1972;215;3921
1973;1973;198;3563
1974;1974;198;3599
1975;1975;201;3591
1976;1976;201;3600
1977;1977;231;4870
1978;1978;257;6120
1979;1979;256;6350
1980;1980;260;6386
1981;1981;256;6030
1982;1982;235;4899
1983;1983;218;4305
1984;1984;220;4337
1985;1985;201;3700
1986;1986;199;3576
1987;1987;198;3543
1988;1988;201;3627
1989;1989;200;3591
1990;1990;200;3634
1991;1991;200;3582
1992;1992;199;3559
1993;1993;199;3579
1994;1994;201;3574
1995;1995;200;3588
1996;1996;226;4809
1997;1997;248;5955
1998;1998;254;6260
1999;1999;261;6456
2000;2000;253;5866
2001;2001;254;5387
2002;2002;258;5335
2003;2003;270;5562
2004;2004;262;5101
2005;2005;271;5235
2006;2006;258;5021
2007;2007;264;5154
2008;2008;262;5064
2009;2009;269;5237
2010;2010;262;5095
2011;2011;248;4718
2012;2012;212;3856
2013;2013;198;3554
2014;2014;200;3601
2015;2015;232;4906
2016;2016;259;6175
2017;2017;254;6184
2018;2018;253;6262
2019;2019;249;5872
2020;2020;230;4828
2021;2021;216;4305
2022;2022;219;4339
2023;2023;202;3673
2024;2024;201;3590
2025;2025;199;3586
2026;2026;200;3589
2027;2027;199;3595
2028;2028;200;3571
2029;2029;199;3572
2030;2030;199;3565
2031;2031;200;3635
2032;2032;200;3607
2033;2033;200;3601
2034;2034;229;4900
2035;2035;263;6373
2036;2036;261;6554
2037;2037;248;6074
2038;2038;263;6217
2039;2039;236;4941
2040;2040;220;4382
2041;2041;237;4792
2042;2042;246;4799
2043;2043;265;5168
2044;2044;261;5041
2045;2045;267;5195
2046;2046;257;5026
2047;2047;267;5165
2048;2048;264;5102
2049;2049;268;5212
2050;2050;264;5126
2051;2051;240;4565
2052;2052;212;3870
2053;2053;236;5030
2054;2054;261;6225
2055;2055;250;6052
2056;2056;261;6495
2057;2057;255;5871
2058;2058;232;4859
2059;2059;218;4300
2060;2060;217;4279
2061;2061;203;3717
2062;2062;200;3578
2063;2063;199;3570
2064;2064;200;3570
2065;2065;199;3575
2066;2066;198;3480
2067;2067;201;3580
2068;2068;199;3593
2069;2069;201;3620
2070;2070;197;3561
2071;2071;201;3616
2072;2072;233;4932
2073;2073;260;6214
2074;2074;254;6263
2075;2075;255;6300
2076;2076;259;6105
2077;2077;233;4899
2078;2078;215;4269
2079;2079;218;4324
2080;2080;201;3705
2081;2081;225;4206
2082;2082;253;4792
2083;2083;265;5141
2084;2084;273;5287
2085;2085;267;5207
2086;2086;269;5228
2087;2087;273;5291
2088;2088;259;5052
2089;2089;272;5311
2090;2090;264;5150
2091;2091;264;5697
2092;2092;247;5999
2093;2093;259;6382
2094;2094;253;6238
2095;2095;253;5840
2096;2096;235;4940
2097;2097;216;4296
2098;2098;217;4322
2099;2099;202;3670
2100;2100;201;3629
2101;2101;199;3596
2102;2102;199;3581
2103;2103;200;3550
2104;2104;198;3531
2105;2105;201;3635
2106;2106;197;3574
2107;2107;201;3614
2108;2108;199;3585
2109;2109;200;3597
2110;2110;228;4895
2111;2111;256;6139
2112;2112;245;6130
2113;2113;244;6003
2114;2114;261;6184
2115;2115;232;4871
2116;2116;219;4314
2117;2117;220;4367
2118;2118;202;3752
2119;2119;200;3602
2120;2120;200;3622
2121;2121;229;4254
2122;2122;256;4921
2123;2123;264;5132
2124;2124;259;5073
2125;2125;264;5106
2126;2126;265;5150
2127;2127;265;5164
2128;2128;261;5078
2129;2129;262;5708
2130;2130;241;5704
2131;2131;249;6006
2132;2132;263;6411
2133;2133;255;5995
2134;2134;229;4849
2135;2135;219;4363
2136;2136;220;4319
2137;2137;202;3695
2138;2138;199;3563
2139;2139;201;3631
2140;2140;200;3594
2141;2141;199;3603
2142;2142;199;3607
2143;2143;200;3590
2144;2144;201;3652
2145;2145;199;3588
2146;2146;201;3625
2147;2147;198;3543
2148;2148;229;4889
2149;2149;265;6453
2150;2150;258;6293
2151;2151;247;6103
2152;2152;248;5944
2153;2153;234;4926
2154;2154;219;4341
2155;2155;220;4342
2156;2156;202;3717
2157;2157;199;3561
2158;2158;200;3601
2159;2159;200;3592
2160;2160;198;3513
2161;2161;230;4274
2162;2162;253;4893
2163;2163;259;5038
2164;2164;264;5134
2165;2165;265;5166
2166;2166;269;5254
2167;2167;267;5789
2168;2168;258;5988
2169;2169;260;6282
2170;2170;242;5964
2171;2171;270;6432
2172;2172;244;5169
2173;2173;215;4221
2174;2174;220;4390
2175;2175;204;3725
2176;2176;199;3572
2177;2177;201;3639
2178;2178;199;3579
2179;2179;198;3578
2180;2180;198;3553
2181;2181;202;3647
2182;2182;199;3591
2183;2183;200;3572
2184;2184;200;3620
2185;2185;198;3543
2186;2186;226;4736
2187;2187;257;6232
2188;2188;263;6539
2189;2189;254;6271
2190;2190;251;5883
2191;2191;236;4928
2192;2192;218;4308
2193;2193;217;4292
2194;2194;204;3746
2195;2195;200;3613
2196;2196;200;3583
2197;2197;198;3575
2198;2198;200;3604
2199;2199;200;3584
2200;2200;200;3620
2201;2201;225;4214
2202;2202;256;4939
2203;2203;267;5224
2204;2204;266;5122
2205;2205;255;5530
2206;2206;246;5894
2207;2207;249;5924
2208;2208;236;5718
2209;2209;248;5783
2210;2210;252;5568
2211;2211;261;5368
2212;2212;227;4571
2213;2213;203;3710
2214;2214;200;3576
2215;2215;200;3603
2216;2216;200;3591
2217;2217;200;3565
2218;2218;199;3560
2219;2219;200;3618
2220;2220;199;3579
2221;2221;200;3637
2222;2222;200;3588
2223;2223;199;3587
2224;2224;234;4951
2225;2225;266;6323
2226;2226;264;6526
2227;2227;264;6434
2228;2228;250;5829
2229;2229;232;4880
2230;2230;219;4308
2231;2231;218;4314
2232;2232;203;3730
2233;2233;201;3636
2234;2234;198;3553
2235;2235;201;3589
2236;2236;199;3574
2237;2237;200;3578
2238;2238;199;3563
2239;2239;200;3595
2240;2240;199;3594
2241;2241;228;4257
2242;2242;256;4931
2243;2243;249;5386
2244;2244;256;6153
2245;2245;256;6167
2246;2246;241;5840
2247;2247;260;6134
2248;2248;270;5795
2249;2249;261;5361
2250;2250;269;5604
2251;2251;249;4788
2252;2252;214;3919
2253;2253;200;3576
2254;2254;199;3580
2255;2255;200;3604
2256;2256;200;3599
2257;2257;200;3565
2258;2258;199;3571
2259;2259;200;3594
2260;2260;199;3575
2261;2261;200;3606
2262;2262;234;4995
2263;2263;243;5773
2264;2264;262;6441
2265;2265;262;6428
2266;2266;252;5937
2267;2267;234;4897
2268;2268;219;4299
2269;2269;219;4366
2270;2270;204;3750
2271;2271;199;3554
2272;2272;199;3558
2273;2273;199;3579
2274;2274;198;3586
2275;2275;199;3568
2276;2276;200;3606
2277;2277;200;3601
2278;2278;199;3597
2279;2279;201;3615
2280;2280;200;3614
2281;2281;246;5226
2282;2282;254;5986
2283;2283;246;5945
2284;2284;242;5809
2285;2285;257;6096
2286;2286;266;5747
2287;2287;262;5462
2288;2288;268;5558
2289;2289;257;5052
2290;2290;268;5204
2291;2291;246;4700
2292;2292;213;3884
2293;2293;200;3588
2294;2294;200;3582
2295;2295;200;3578
2296;2296;200;3612
2297;2297;200;3623
2298;2298;199;3626
2299;2299;199;3585
2300;2300;228;4802
2301;2301;265;6214
2302;2302;261;6416
2303;2303;261;6445
2304;2304;252;5906
2305;2305;232;4835
2306;2306;215;4267
2307;2307;220;4376
2308;2308;203;3729
2309;2309;199;3570
2310;2310;201;3632
2311;2311;200;3614
2312;2312;197;3539
2313;2313;201;3629
2314;2314;199;3592
2315;2315;198;3546
2316;2316;200;3600
2317;2317;200;3579
2318;2318;199;3579
2319;2319;235;4974
2320;2320;259;6139
2321;2321;269;6651
2322;2322;265;6218
2323;2323;271;6397
2324;2324;257;5493
2325;2325;268;5564
2326;2326;274;5636
2327;2327;265;5193
2328;2328;259;5003
2329;2329;264;5160
2330;2330;261;5124
2331;2331;242;4569
2332;2332;213;3904
2333;2333;196;3545
2334;2334;201;3628
2335;2335;200;3619
2336;2336;200;3609
2337;2337;199;3583
2338;2338;226;4767
2339;2339;260;6176
2340;2340;265;6487
2341;2341;250;6128
2342;2342;253;5932
2343;2343;232;4831
2344;2344;221;4389
2345;2345;215;4271
2346;2346;204;3733
2347;2347;200;3588
2348;2348;199;3575
2349;2349;201;3623
2350;2350;199;3585
2351;2351;199;3609
2352;2352;199;3552
2353;2353;201;3622
2354;2354;200;3616
2355;2355;200;3598
2356;2356;199;3595
2357;2357;235;4956
2358;2358;252;6059
2359;2359;251;6154
2360;2360;255;6239
2361;2361;260;6032
2362;2362;264;5667
2363;2363;259;5370
2364;2364;274;5668
2365;2365;269;5289
2366;2366;264;5124
2367;2367;261;5078
2368;2368;264;5161
2369;2369;260;5056
2370;2370;264;5120
2371;2371;244;4649
2372;2372;214;3929
2373;2373;198;3589
2374;2374;200;3555
2375;2375;200;3641
2376;2376;229;4892
2377;2377;254;6104
2378;2378;255;6294
2379;2379;258;6387
2380;2380;258;6081
2381;2381;231;4882
2382;2382;220;4358
2383;2383;216;4246
2384;2384;203;3748
2385;2385;199;3580
2386;2386;200;3631
2387;2387;200;3600
2388;2388;200;3595
2389;2389;199;3610
2390;2390;198;3573
2391;2391;198;3567
2392;2392;199;3565
2393;2393;201;3589
2394;2394;199;3605
2395;2395;232;4879
2396;2396;261;6310
2397;2397;251;6112
2398;2398;265;6304
2399;2399;253;5919
2400;2400;234;4905
2401;2401;239;4800
2402;2402;267;5526
2403;2403;268;5252
2404;2404;263;5120
2405;2405;270;5224
2406;2406;261;5048
2407;2407;271;5275
2408;2408;258;5001
2409;2409;268;5225
2410;2410;262;5100
2411;2411;245;4653
2412;2412;212;3881
2413;2413;200;3565
2414;2414;222;4711
2415;2415;259;6224
2416;2416;261;6498
2417;2417;254;6270
2418;2418;250;5849
2419;2419;231;4796
2420;2420;218;4372
2421;2421;219;4323
2422;2422;201;3681
2423;2423;198;3544
2424;2424;200;3582
2425;2425;198;3565
2426;2426;200;3572
2427;2427;198;3528
2428;2428;201;3615
2429;2429;199;3575
2430;2430;199;3568
2431;2431;198;3576
2432;2432;200;3564
2433;2433;231;4887
2434;2434;259;6182
2435;2435;259;6329
2436;2436;269;6692
2437;2437;251;5899
2438;2438;232;4878
2439;2439;220;4325
2440;2440;219;4308
2441;2441;230;4339
2442;2442;250;4787
2443;2443;260;5038
2444;2444;270;5257
2445;2445;267;5197
2446;2446;264;5099
2447;2447;258;5033
2448;2448;268;5219
2449;2449;261;5076
2450;2450;261;5058
2451;2451;246;4701
2452;2452;241;5090
2453;2453;251;5996
2454;2454;262;6425
2455;2455;250;6216
2456;2456;247;5927
2457;2457;230;4818
2458;2458;221;4382
2459;2459;217;4331
2460;2460;204;3739
2461;2461;201;3650
2462;2462;197;3563
2463;2463;201;3600
2464;2464;200;3598
2465;2465;200;3575
2466;2466;198;3565
2467;2467;201;3609
2468;2468;200;3645
2469;2469;199;3546
2470;2470;201;3615
2471;2471;229;4839
2472;2472;258;6163
2473;2473;261;6443
2474;2474;253;6329
2475;2475;259;6081
2476;2476;232;4859
2477;2477;218;4339
2478;2478;219;4355
2479;2479;204;3735
2480;2480;199;3552
2481;2481;225;4210
2482;2482;247;4719
2483;2483;266;5148
2484;2484;272;5286
2485;2485;263;5134
2486;2486;270;5226
2487;2487;263;5103
2488;2488;264;5114
2489;2489;268;5175
2490;2490;260;5536
2491;2491;259;6333
2492;2492;248;6088
2493;2493;261;6506
2494;2494;256;6105
2495;2495;237;5025
2496;2496;219;4342
2497;2497;217;4286
2498;2498;204;3761
2499;2499;200;3621
2500;2500;199;3583
2501;2501;201;3664
2502;2502;199;3594
2503;2503;200;3623
2504;2504;201;3624
2505;2505;199;3571
2506;2506;198;3545
2507;2507;199;3593
2508;2508;199;3574
2509;2509;228;4872
2510;2510;262;6241
2511;2511;261;6347
2512;2512;256;6231
2513;2513;249;5807
2514;2514;233;4865
2515;2515;219;4311
2516;2516;221;4380
2517;2517;200;3634
2518;2518;199;3602
2519;2519;200;3604
2520;2520;199;3580
2521;2521;227;4237
2522;2522;257;4935
2523;2523;264;5132
2524;2524;266;5155
2525;2525;270;5257
2526;2526;261;5100
2527;2527;272;5296
2528;2528;268;5793
2529;2529;268;6415
2530;2530;245;5888
2531;2531;246;5943
2532;2532;250;5808
2533;2533;236;4952
2534;2534;219;4327
2535;2535;219;4385
2536;2536;203;3689
2537;2537;199;3570
2538;2538;200;3612
2539;2539;200;3574
2540;2540;201;3621
2541;2541;199;3555
2542;2542;200;3598
2543;2543;200;3608
2544;2544;199;3593
2545;2545;200;3601
2546;2546;200;3600
2547;2547;231;4861
2548;2548;251;6087
2549;2549;247;6074
2550;2550;252;6294
2551;2551;258;6093
2552;2552;234;4896
2553;2553;215;4296
2554;2554;219;4326
2555;2555;201;3675
2556;2556;198;3544
2557;2557;199;3619
2558;2558;199;3562
2559;2559;200;3588
2560;2560;200;3631
2561;2561;225;4196
2562;2562;255;4926
2563;2563;265;5139
2564;2564;262;5076
2565;2565;266;5164
2566;2566;265;5809
2567;2567;249;5854
2568;2568;248;5958
2569;2569;249;6114
2570;2570;251;5741
2571;2571;266;5633
2572;2572;231;4629
2573;2573;220;4339
2574;2574;203;3699
2575;2575;200;3624
2576;2576;199;3573
2577;2577;197;3527
2578;2578;201;3615
2579;2579;200;3620
2580;2580;200;3583
2581;2581;199;3560
2582;2582;201;3628
2583;2583;200;3601
2584;2584;200;3574
2585;2585;234;5001
2586;2586;268;6435
2587;2587;266;6625
2588;2588;269;6597
2589;2589;253;5879
2590;2590;231;4895
2591;2591;218;4278
2592;2592;218;4329
2593;2593;203;3733
2594;2594;199;3602
2595;2595;198;3574
2596;2596;199;3591
2597;2597;201;3623
2598;2598;200;3572
2599;2599;198;3552
2600;2600;201;3632
2601;2601;227;4222
2602;2602;259;4949
2603;2603;272;5267
2604;2604;262;5654
2605;2605;251;5931
2606;2606;253;6100
2607;2607;242;5914
2608;2608;249;5934
2609;2609;262;5668
2610;2610;268;5556
2611;2611;261;5303
2612;2612;215;4019
2613;2613;200;3599
2614;2614;201;3583
2615;2615;199;3566
2616;2616;200;3597
2617;2617;200;3646
2618;2618;200;3573
2619;2619;199;3581
2620;2620;199;3550
2621;2621;201;3608
2622;2622;197;3546
2623;2623;230;4903
2624;2624;258;6108
2625;2625;251;6075
2626;2626;254;6307
2627;2627;254;5980
2628;2628;232;4864
2629;2629;221;4388
2630;2630;220;4409
2631;2631;200;3680
2632;2632;200;3587
2633;2633;199;3559
2634;2634;201;3622
2635;2635;200;3629
2636;2636;198;3599
2637;2637;200;3563
2638;2638;199;3557
2639;2639;200;3593
2640;2640;200;3590
2641;2641;226;4207
2642;2642;263;5674
2643;2643;267;6191
2644;2644;253;6065
2645;2645;256;6245
2646;2646;277;6503
2647;2647;269;5730
2648;2648;268;5482
2649;2649;265;5532
2650;2650;263;5173
2651;2651;244;4623
2652;2652;214;3925
2653;2653;201;3635
2654;2654;200;3599
2655;2655;198;3573
2656;2656;200;3596
2657;2657;200;3653
2658;2658;199;3605
2659;2659;199;3571
2660;2660;198;3554
2661;2661;235;4990
2662;2662;257;6240
2663;2663;256;6416
2664;2664;241;5924
2665;2665;247;5821
2666;2666;238;5020
2667;2667;220;4370
2668;2668;218;4321
2669;2669;203;3683
2670;2670;200;3624
2671;2671;200;3616
2672;2672;199;3589
2673;2673;199;3563
2674;2674;199;3591
2675;2675;199;3594
2676;2676;199;3589
2677;2677;198;3597
2678;2678;201;3609
2679;2679;199;3552
2680;2680;232;4872
2681;2681;256;6145
2682;2682;259;6141
2683;2683;252;5949
2684;2684;257;5925
2685;2685;279;5946
2686;2686;271;5581
2687;2687;270;5495
2688;2688;263;5173
2689;2689;262;5127
2690;2690;256;4940
2691;2691;249;4740
2692;2692;213;3920
2693;2693;200;3582
2694;2694;199;3581
2695;2695;199;3594
2696;2696;199;3552
2697;2697;201;3609
2698;2698;200;3622
2699;2699;232;4933
2700;2700;258;6062
2701;2701;264;6518
2702;2702;266;6590
2703;2703;258;6070
2704;2704;234;4875
2705;2705;217;4308
2706;2706;220;4345
2707;2707;202;3695
2708;2708;200;3615
2709;2709;198;3550
2710;2710;201;3594
2711;2711;200;3594
2712;2712;198;3555
2713;2713;200;3635
2714;2714;200;3604
2715;2715;199;3559
2716;2716;198;3581
2717;2717;201;3624
2718;2718;234;4992
2719;2719;249;6012
2720;2720;253;6177
2721;2721;240;5822
2722;2722;250;5881
2723;2723;271;5876
2724;2724;277;5713
2725;2725;274;5674
2726;2726;272;5349
2727;2727;263;5088
2728;2728;268;5271
2729;2729;261;5097
2730;2730;255;4964
2731;2731;249;4734
2732;2732;212;3884
2733;2733;197;3524
2734;2734;201;3666
2735;2735;200;3579
2736;2736;200;3594
2737;2737;224;4729
2738;2738;259;6117
2739;2739;257;6533
2740;2740;254;6237
2741;2741;257;6054
2742;2742;235;4942
2743;2743;217;4260
2744;2744;220;4348
2745;2745;202;3700
2746;2746;200;3636
2747;2747;199;3571
2748;2748;200;3581
2749;2749;200;3563
2750;2750;200;3604
2751;2751;199;3578
2752;2752;200;3600
2753;2753;199;3571
2754;2754;200;3586
2755;2755;200;3565
2756;2756;233;4978
2757;2757;256;6037
2758;2758;260;6505
2759;2759;260;6406
2760;2760;261;6130
2761;2761;249;5301
2762;2762;263;5432
2763;2763;260;5324
2764;2764;264;5221
2765;2765;265;5165
2766;2766;257;5017
2767;2767;269;5243
2768;2768;265;5164
2769;2769;265;5172
2770;2770;272;5302
2771;2771;248;4726
2772;2772;213;3886
2773;2773;199;3616
2774;2774;199;3557
2775;2775;231;4972
2776;2776;260;6216
2777;2777;254;6306
2778;2778;260;6428
2779;2779;260;6136
2780;2780;234;4925
2781;2781;215;4265
2782;2782;219;4280
2783;2783;203;3707
2784;2784;200;3617
2785;2785;200;3589
2786;2786;200;3585
2787;2787;199;3594
2788;2788;201;3624
2789;2789;198;3588
2790;2790;200;3600
2791;2791;199;3568
2792;2792;198;3566
2793;2793;200;3569
2794;2794;230;4819
2795;2795;257;6152
2796;2796;260;6408
2797;2797;262;6479
2798;2798;261;6199
2799;2799;232;4848
2800;2800;215;4285
2801;2801;240;4801
2802;2802;261;5110
2803;2803;270;5198
2804;2804;264;5136
2805;2805;268;5217
2806;2806;266;5161
2807;2807;265;5154
2808;2808;264;5128
2809;2809;251;4903
2810;2810;270;5275
2811;2811;251;4764
2812;2812;213;3894
2813;2813;223;4696
2814;2814;251;5883
2815;2815;265;6486
2816;2816;265;6548
2817;2817;253;6039
2818;2818;232;4885
2819;2819;217;4313
2820;2820;220;4343
2821;2821;200;3644
2822;2822;200;3618
2823;2823;201;3602
2824;2824;199;3570
2825;2825;199;3599
2826;2826;199;3561
2827;2827;199;3621
2828;2828;201;3626
2829;2829;200;3622
2830;2830;199;3590
2831;2831;200;3584
2832;2832;222;4687
2833;2833;258;6153
2834;2834;269;6634
2835;2835;254;6243
2836;2836;256;5975
2837;2837;230;4814
2838;2838;218;4363
2839;2839;216;4321
2840;2840;204;3789
2841;2841;226;4205
2842;2842;251;4798
2843;2843;270;5239
2844;2844;268;5193
2845;2845;260;5072
2846;2846;274;5323
2847;2847;266;5142
2848;2848;269;5240
2849;2849;265;5133
2850;2850;269;5254
2851;2851;260;5601
2852;2852;265;6286
2853;2853;258;6385
2854;2854;228;5780
2855;2855;252;5884
2856;2856;233;4882
2857;2857;219;4366
2858;2858;218;4324
2859;2859;202;3669
2860;2860;199;3574
2861;2861;201;3632
2862;2862;200;3632
2863;2863;200;3614
2864;2864;200;3604
2865;2865;198;3564
2866;2866;198;3544
2867;2867;199;3573
2868;2868;201;3597
2869;2869;199;3563
2870;2870;227;4818
2871;2871;258;6185
2872;2872;258;6316
2873;2873;260;6331
2874;2874;244;5764
2875;2875;235;4908
2876;2876;220;4357
2877;2877;218;4334
2878;2878;204;3752
2879;2879;200;3583
2880;2880;198;3536
2881;2881;226;4247
2882;2882;264;5074
2883;2883;254;4938
2884;2884;265;5130
2885;2885;258;4969
2886;2886;266;5137
2887;2887;270;5223
2888;2888;260;5080
2889;2889;272;5905
2890;2890;246;5794
2891;2891;258;6286
2892;2892;253;6199
2893;2893;261;6044
2894;2894;235;4932
2895;2895;220;4354
2896;2896;218;4355
2897;2897;202;3656
2898;2898;200;3584
2899;2899;199;3572
2900;2900;201;3615
2901;2901;199;3555
2902;2902;201;3640
2903;2903;200;3572
2904;2904;198;3564
2905;2905;200;3598
2906;2906;199;3564
2907;2907;201;3604
2908;2908;232;4911
2909;2909;267;6399
2910;2910;259;6407
2911;2911;257;6285
2912;2912;235;5412
2913;2913;229;4802
2914;2914;218;4328
2915;2915;217;4296
2916;2916;202;3686
2917;2917;200;3576
2918;2918;199;3596
2919;2919;200;3633
2920;2920;199;3564
2921;2921;226;4219
2922;2922;255;4895
2923;2923;265;5187
2924;2924;258;4994
2925;2925;264;5164
2926;2926;272;5271
2927;2927;276;5948
2928;2928;247;5824
2929;2929;248;6076
2930;2930;243;5887
2931;2931;259;6085
2932;2932;248;5195
2933;2933;216;4260
2934;2934;216;4325
2935;2935;202;3721
2936;2936;200;3574
2937;2937;200;3617
2938;2938;200;3588
2939;2939;198;3556
2940;2940;200;3606
2941;2941;199;3557
2942;2942;200;3605
2943;2943;201;3607
2944;2944;200;3594
2945;2945;200;3613
2946;2946;226;4775
2947;2947;258;6111
2948;2948;262;6577
2949;2949;257;6490
2950;2950;251;5784
2951;2951;234;4915
2952;2952;218;4297
2953;2953;219;4325
2954;2954;203;3717
2955;2955;200;3571
2956;2956;200;3602
2957;2957;198;3565
2958;2958;200;3591
2959;2959;199;3552
2960;2960;199;3560
2961;2961;228;4250
2962;2962;254;4906
2963;2963;267;5160
2964;2964;272;5282
2965;2965;271;5907
2966;2966;242;5639
2967;2967;258;6289
2968;2968;250;6268
2969;2969;269;6149
2970;2970;274;5905
2971;2971;261;5338
2972;2972;233;4659
2973;2973;203;3702
2974;2974;200;3632
2975;2975;199;3607
2976;2976;200;3601
2977;2977;197;3543
2978;2978;200;3618
2979;2979;201;3631
2980;2980;200;3615
2981;2981;198;3561
2982;2982;199;3567
2983;2983;200;3597
2984;2984;229;4860
2985;2985;261;6184
2986;2986;256;6306
2987;2987;262;6406
2988;2988;257;6090
2989;2989;232;4893
2990;2990;218;4315
2991;2991;218;4322
2992;2992;203;3711
2993;2993;200;3606
2994;2994;200;3642
2995;2995;198;3507
2996;2996;201;3622
2997;2997;201;3630
2998;2998;197;3584
2999;2999;197;3514
3000;3000;202;3637
3001;3001;224;4186
3002;3002;251;4820
3003;3003;267;5739
3004;3004;265;6224
3005;3005;247;5809
3006;3006;240;6006
3007;3007;253;6118
3008;3008;264;5602
3009;3009;254;5290
3010;3010;251;5185
3011;3011;254;4898
3012;3012;214;3944
3013;3013;200;3655
3014;3014;197;3546
3015;3015;200;3565
3016;3016;199;3584
3017;3017;200;3599
3018;3018;199;3574
3019;3019;200;3572
3020;3020;200;3597
3021;3021;200;3628
3022;3022;226;4732
3023;3023;248;5901
3024;3024;252;6297
3025;3025;253;6194
3026;3026;256;6094
3027;3027;233;4854
3028;3028;219;4346
3029;3029;219;4309
3030;3030;204;3735
3031;3031;198;3571
3032;3032;199;3592
3033;3033;201;3612
3034;3034;199;3603
3035;3035;201;3595
3036;3036;200;3545
3037;3037;200;3599
3038;3038;197;3508
3039;3039;200;3542
3040;3040;200;3614
3041;3041;245;5252
3042;3042;253;5903
3043;3043;247;6156
3044;3044;247;6042
3045;3045;257;5934
3046;3046;269;5807
3047;3047;270;5611
3048;3048;274;5582
3049;3049;260;5132
3050;3050;266;5164
3051;3051;250;4764
3052;3052;214;3891
3053;3053;200;3624
3054;3054;200;3589
3055;3055;200;3599
3056;3056;199;3585
3057;3057;200;3621
3058;3058;200;3577
3059;3059;200;3647
3060;3060;234;4992
3061;3061;250;6047
3062;3062;250;6153
3063;3063;264;6485
3064;3064;257;6124
3065;3065;232;4860
3066;3066;218;4344
3067;3067;219;4349
3068;3068;203;3720
3069;3069;200;3570
3070;3070;200;3593
3071;3071;198;3536
3072;3072;200;3578
3073;3073;199;3591
3074;3074;199;3559
3075;3075;199;3590
3076;3076;200;3597
3077;3077;200;3587
3078;3078;200;3597
3079;3079;233;4944
3080;3080;260;6264
3081;3081;259;6518
3082;3082;251;6119
3083;3083;256;5971
3084;3084;261;5611
3085;3085;266;5530
3086;3086;270;5560
3087;3087;261;5142
3088;3088;259;5053
3089;3089;265;5158
3090;3090;265;5144
3091;3091;243;4590
3092;3092;213;3903
3093;3093;199;3576
3094;3094;198;3533
3095;3095;200;3597
3096;3096;198;3536
3097;3097;202;3622
3098;3098;229;4863
3099;3099;249;5946
3100;3100;259;6365
3101;3101;258;6213
3102;3102;261;6202
3103;3103;231;4879
3104;3104;217;4295
3105;3105;214;4227
3106;3106;204;3777
3107;3107;200;3590
3108;3108;199;3562
3109;3109;199;3589
3110;3110;201;3604
3111;3111;199;3557
3112;3112;199;3593
3113;3113;202;3648
3114;3114;198;3553
3115;3115;198;3600
3116;3116;201;3610
3117;3117;233;4918
3118;3118;249;6053
3119;3119;251;6203
3120;3120;249;6185
3121;3121;261;6178
3122;3122;279;6019
3123;3123;264;5475
3124;3124;269;5588
3125;3125;269;5274
3126;3126;267;5179
3127;3127;264;5096
3128;3128;267;5184
3129;3129;261;5056
3130;3130;264;5066
3131;3131;246;4717
3132;3132;213;3901
3133;3133;200;3631
3134;3134;199;3595
3135;3135;200;3600
3136;3136;225;4732
3137;3137;253;6014
3138;3138;254;6269
3139;3139;263;6481
3140;3140;254;5928
3141;3141;232;4875
3142;3142;219;4329
3143;3143;220;4370
3144;3144;202;3685
3145;3145;198;3573
3146;3146;200;3646
3147;3147;200;3592
3148;3148;200;3615
3149;3149;198;3553
3150;3150;201;3600
3151;3151;199;3625
3152;3152;199;3584
3153;3153;201;3633
3154;3154;200;3601
3155;3155;231;4920
3156;3156;263;6190
3157;3157;262;6534
3158;3158;265;6411
3159;3159;253;5918
3160;3160;236;4935
3161;3161;237;4787
3162;3162;264;5395
3163;3163;263;5151
3164;3164;269;5203
3165;3165;267;5200
3166;3166;259;5045
3167;3167;273;5265
3168;3168;259;5048
3169;3169;271;5277
3170;3170;263;5065
3171;3171;248;4686
3172;3172;214;3957
3173;3173;199;3582
3174;3174;226;4789
3175;3175;256;6173
3176;3176;258;6446
3177;3177;261;6228
3178;3178;252;5966
3179;3179;235;4935
3180;3180;217;4308
3181;3181;216;4260
3182;3182;201;3664
3183;3183;201;3631
3184;3184;200;3593
3185;3185;200;3565
3186;3186;199;3568
3187;3187;201;3604
3188;3188;199;3573
3189;3189;197;3536
3190;3190;201;3633
3191;3191;200;3575
3192;3192;199;3576
3193;3193;229;4801
3194;3194;257;6158
3195;3195;251;6309
3196;3196;247;6089
3197;3197;252;5937
3198;3198;234;4964
3199;3199;218;4346
3200;3200;216;4297
3201;3201;229;4302
3202;3202;251;4811
3203;3203;268;5199
3204;3204;271;5260
3205;3205;268;5192
3206;3206;269;5247
3207;3207;263;5126
3208;3208;264;5127
3209;3209;261;5067
3210;3210;266;5168
3211;3211;243;4621
3212;3212;240;5165
3213;3213;262;6293
3214;3214;250;6177
3215;3215;260;6409
3216;3216;253;5903
3217;3217;229;4794
3218;3218;217;4329
3219;3219;221;4356
3220;3220;203;3698
3221;3221;198;3580
3222;3222;198;3560
3223;3223;199;3589
3224;3224;201;3597
3225;3225;200;3604
3226;3226;200;3597
3227;3227;199;3587
3228;3228;200;3608
3229;3229;200;3615
3230;3230;200;3598
3231;3231;229;4849
3232;3232;261;6233
3233;3233;259;6397
3234;3234;250;6202
3235;3235;263;6190
3236;3236;232;4895
3237;3237;220;4391
3238;3238;218;4296
3239;3239;204;3727
3240;3240;200;3591
3241;3241;225;4238
3242;3242;250;4842
3243;3243;260;5045
3244;3244;260;5067
3245;3245;261;5061
3246;3246;265;5139
3247;3247;272;5314
3248;3248;265;5139
3249;3249;270;5225
3250;3250;255;5520
3251;3251;254;5947
3252;3252;250;6247
3253;3253;257;6260
3254;3254;250;5957
3255;3255;232;4901
3256;3256;221;4366
3257;3257;218;4302
3258;3258;202;3720
3259;3259;200;3620
3260;3260;199;3589
3261;3261;200;3600
3262;3262;199;3587
3263;3263;199;3588
3264;3264;201;3588
3265;3265;200;3597
3266;3266;198;3541
3267;3267;199;3593
3268;3268;196;3533
3269;3269;227;4804
3270;3270;261;6266
3271;3271;252;6085
3272;3272;263;6516
3273;3273;254;6027
3274;3274;229;4814
3275;3275;219;4364
3276;3276;220;4365
3277;3277;202;3727
3278;3278;202;3669
3279;3279;200;3571
3280;3280;200;3609
3281;3281;226;4225
3282;3282;251;4826
3283;3283;265;5144
3284;3284;265;5170
3285;3285;259;5055
3286;3286;268;5204
3287;3287;260;5070
3288;3288;271;5823
3289;3289;266;6367
3290;3290;247;5974
3291;3291;250;6270
3292;3292;258;6162
3293;3293;229;4766
3294;3294;217;4288
3295;3295;217;4283
3296;3296;203;3736
3297;3297;199;3614
3298;3298;201;3651
3299;3299;200;3626
3300;3300;197;3549
3301;3301;201;3642
3302;3302;199;3592
3303;3303;199;3573
3304;3304;199;3590
3305;3305;200;3594
3306;3306;200;3612
3307;3307;231;4892
3308;3308;258;6197
3309;3309;254;6258
3310;3310;267;6584
3311;3311;250;5774
3312;3312;229;4805
3313;3313;220;4369
3314;3314;217;4345
3315;3315;203;3702
3316;3316;199;3569
3317;3317;199;3577
3318;3318;197;3552
3319;3319;200;3617
3320;3320;199;3578
3321;3321;226;4215
3322;3322;258;4959
3323;3323;266;5173
3324;3324;267;5180
3325;3325;260;5034
3326;3326;259;5593
3327;3327;250;5991
3328;3328;253;6162
3329;3329;252;6163
3330;3330;261;6026
3331;3331;266;5714
3332;3332;231;4609
3333;3333;215;4236
3334;3334;204;3697
3335;3335;199;3603
3336;3336;200;3598
3337;3337;201;3644
3338;3338;200;3581
3339;3339;199;3561
3340;3340;200;3606
3341;3341;200;3578
3342;3342;197;3543
3343;3343;198;3551
3344;3344;201;3628
3345;3345;228;4921
3346;3346;249;5938
3347;3347;251;6215
3348;3348;254;6225
3349;3349;255;5973
3350;3350;234;4897
3351;3351;219;4364
3352;3352;217;4303
3353;3353;203;3736
3354;3354;199;3615
3355;3355;200;3617
3356;3356;199;3523
3357;3357;201;3601
3358;3358;200;3598
3359;3359;200;3604
3360;3360;200;3586
3361;3361;228;4259
3362;3362;262;5039
3363;3363;262;5086
3364;3364;263;5656
3365;3365;253;5977
3366;3366;245;5969
3367;3367;252;6075
3368;3368;255;5833
3369;3369;266;5715
3370;3370;273;5620
3371;3371;258;5266
3372;3372;216;3969
3373;3373;198;3554
3374;3374;202;3623
3375;3375;200;3584
3376;3376;200;3573
3377;3377;200;3611
3378;3378;199;3562
3379;3379;199;3559
3380;3380;197;3547
3381;3381;201;3611
3382;3382;200;3619
3383;3383;229;4856
3384;3384;262;6253
3385;3385;266;6497
3386;3386;256;6298
3387;3387;251;6027
3388;3388;234;4903
3389;3389;218;4335
3390;3390;216;4278
3391;3391;203;3689
3392;3392;198;3544
3393;3393;199;3578
3394;3394;200;3632
3395;3395;201;3629
3396;3396;198;3559
3397;3397;198;3586
3398;3398;199;3591
3399;3399;200;3619
3400;3400;200;3569
3401;3401;228;4253
3402;3402;264;5677
3403;3403;256;6282
3404;3404;254;6196
3405;3405;235;5689
3406;3406;248;5822
3407;3407;260;5619
3408;3408;272;5468
3409;3409;260;5384
3410;3410;270;5341
3411;3411;247;4672
3412;3412;213;3884
3413;3413;200;3572
3414;3414;200;3557
3415;3415;200;3607
3416;3416;200;3611
3417;3417;199;3558
3418;3418;200;3576
3419;3419;199;3625
3420;3420;200;3593
3421;3421;232;4829
3422;3422;255;6105
3423;3423;257;6364
3424;3424;260;6417
3425;3425;254;5934
3426;3426;234;4914
3427;3427;218;4350
3428;3428;218;4288
3429;3429;201;3669
3430;3430;200;3573
3431;3431;199;3596
3432;3432;200;3598
3433;3433;200;3611
3434;3434;200;3613
3435;3435;198;3570
3436;3436;200;3611
3437;3437;199;3578
3438;3438;201;3568
3439;3439;200;3577
3440;3440;230;4873
3441;3441;257;6083
3442;3442;254;6194
3443;3443;253;6215
3444;3444;237;5578
3445;3445;274;5859
3446;3446;275;5694
3447;3447;268;5489
3448;3448;263;5136
3449;3449;259;5021
3450;3450;264;5113
3451;3451;250;4767
3452;3452;215;3960
3453;3453;200;3608
3454;3454;200;3585
3455;3455;199;3596
3456;3456;201;3614
3457;3457;198;3588
3458;3458;201;3603
3459;3459;229;4909
3460;3460;253;6049
3461;3461;252;6078
3462;3462;259;6489
3463;3463;261;6099
3464;3464;231;4885
3465;3465;217;4275
3466;3466;216;4249
3467;3467;200;3672
3468;3468;200;3642
3469;3469;201;3616
3470;3470;200;3601
3471;3471;200;3583
3472;3472;201;3615
3473;3473;199;3585
3474;3474;200;3598
3475;3475;199;3564
3476;3476;199;3622
3477;3477;201;3614
3478;3478;230;4879
3479;3479;252;6106
3480;3480;245;6030
3481;3481;257;6280
3482;3482;246;5709
3483;3483;262;5511
3484;3484;274;5690
3485;3485;275;5703
3486;3486;271;5346
3487;3487;262;5069
3488;3488;268;5188
3489;3489;263;5089
3490;3490;264;5119
3491;3491;247;4705
3492;3492;211;3834
3493;3493;200;3607
3494;3494;200;3633
3495;3495;200;3615
3496;3496;199;3577
3497;3497;229;4845
3498;3498;256;6144
3499;3499;267;6557
3500;3500;253;6321
3501;3501;258;6095
3502;3502;232;4865
3503;3503;219;4329
3504;3504;216;4293
3505;3505;204;3757
3506;3506;200;3589
3507;3507;198;3560
3508;3508;199;3547
3509;3509;200;3591
3510;3510;200;3576
3511;3511;199;3585
3512;3512;201;3604
3513;3513;200;3613
3514;3514;199;3581
3515;3515;201;3613
3516;3516;232;4890
3517;3517;249;5909
3518;3518;265;6562
3519;3519;257;6326
3520;3520;253;6041
3521;3521;258;5500
3522;3522;257;5263
3523;3523;280;5754
3524;3524;268;5257
3525;3525;268;5196
3526;3526;261;5052
3527;3527;261;5065
3528;3528;260;5060
3529;3529;266;5204
3530;3530;259;5059
3531;3531;246;4635
3532;3532;212;3870
3533;3533;199;3586
3534;3534;201;3603
3535;3535;233;4982
3536;3536;255;6138
3537;3537;267;6451
3538;3538;254;6342
3539;3539;247;5746
3540;3540;236;4993
3541;3541;214;4249
3542;3542;219;4325
3543;3543;202;3707
3544;3544;199;3573
3545;3545;200;3634
3546;3546;199;3607
3547;3547;201;3631
3548;3548;200;3613
3549;3549;200;3612
3550;3550;199;3601
3551;3551;199;3593
3552;3552;202;3649
3553;3553;197;3579
3554;3554;234;4931
3555;3555;257;6164
3556;3556;265;6654
3557;3557;252;6240
3558;3558;249;5855
3559;3559;231;4878
3560;3560;215;4273
3561;3561;239;4777
3562;3562;261;5062
3563;3563;272;5271
3564;3564;264;5112
3565;3565;266;5133
3566;3566;269;5243
3567;3567;256;4983
3568;3568;260;5064
3569;3569;265;5159
3570;3570;266;5159
3571;3571;250;4754
3572;3572;213;3855
3573;3573;232;4930
3574;3574;254;6093
3575;3575;260;6415
3576;3576;247;6123
3577;3577;261;6081
3578;3578;229;4787
3579;3579;220;4354
3580;3580;218;4341
3581;3581;203;3694
3582;3582;199;3563
3583;3583;200;3594
3584;3584;199;3576
3585;3585;201;3606
3586;3586;199;3570
3587;3587;201;3631
3588;3588;199;3541
3589;3589;200;3588
3590;3590;201;3644
3591;3591;200;3636
3592;3592;233;4943
3593;3593;266;6325
3594;3594;253;6214
3595;3595;250;6154
3596;3596;244;5809
3597;3597;233;4862
3598;3598;220;4353
3599;3599;218;4282
3600;3600;204;3743
